"LOCATION","Country","INDICATOR","Indicator","MEASURE","Measure","INEQUALITY","Inequality","Unit Code","Unit","PowerCode Code","PowerCode","Reference Period Code","Reference Period","Value","Flag Codes","Flags"
"AUS","Australia","JE_PEARN","Personal earnings","L","Value","TOT","Total","USD","US Dollar","0","Units",,,55206,,
"AUT","Austria","JE_PEARN","Personal earnings","L","Value","TOT","Total","USD","US Dollar","0","Units",,,53132,,
"BEL","Belgium","JE_PEARN","Personal earnings","L","Value","TOT","Total","USD","US Dollar","0","Units",,,54327,,
"CAN","Canada","JE_PEARN","Personal earnings","L","Value","TOT","Total","USD","US Dollar","0","Units",,,55342,,
"CZE","Czech Republic","JE_PEARN","Personal earnings","L","Value","TOT","Total","USD","US Dollar","0","Units",,,29885,,
"DNK","Denmark","JE_PEARN","Personal earnings","L","Value","TOT","Total","USD","US Dollar","0","Units",,,58430,,
"FIN","Finland","JE_PEARN","Personal earnings","L","Value","TOT","Total","USD","US Dollar","0","Units",,,46230,,
"FRA","France","JE_PEARN","Personal earnings","L","Value","TOT","Total","USD","US Dollar","0","Units",,,45581,,
"DEU","Germany","JE_PEARN","Personal earnings","L","Value","TOT","Total","USD","US Dollar","0","Units",,,53745,,
"GRC","Greece","JE_PEARN","Personal earnings","L","Value","TOT","Total","USD","US Dollar","0","Units",,,27207,,
"HUN","Hungary","JE_PEARN","Personal earnings","L","Value","TOT","Total","USD","US Dollar","0","Units",,,25409,,
"ISL","Iceland","JE_PEARN","Personal earnings","L","Value","TOT","Total","USD","US Dollar","0","Units",,,67488,,
"IRL","Ireland","JE_PEARN","Personal earnings","L","Value","TOT","Total","USD","US Dollar","0","Units",,,49474,,
"ITA","Italy","JE_PEARN","Personal earnings","L","Value","TOT","Total","USD","US Dollar","0","Units",,,37769,,
"JPN","Japan","JE_PEARN","Personal earnings","L","Value","TOT","Total","USD","US Dollar","0","Units",,,38515,,
"KOR","Korea","JE_PEARN","Personal earnings","L","Value","TOT","Total","USD","US Dollar","0","Units",,,41960,,
"LUX","Luxembourg","JE_PEARN","Personal earnings","L","Value","TOT","Total","USD","US Dollar","0","Units",,,65854,,
"MEX","Mexico","JE_PEARN","Personal earnings","L","Value","TOT","Total","USD","US Dollar","0","Units",,,16230,,
"NLD","Netherlands","JE_PEARN","Personal earnings","L","Value","TOT","Total","USD","US Dollar","0","Units",,,58828,,
"NZL","New Zealand","JE_PEARN","Personal earnings","L","Value","TOT","Total","USD","US Dollar","0","Units",,,45269,,
"NOR","Norway","JE_PEARN","Personal earnings","L","Value","TOT","Total","USD","US Dollar","0","Units",,,55780,,
"POL","Poland","JE_PEARN","Personal earnings","L","Value","TOT","Total","USD","US Dollar","0","Units",,,32527,,
"PRT","Portugal","JE_PEARN","Personal earnings","L","Value","TOT","Total","USD","US Dollar","0","Units",,,28410,,
"SVK","Slovak Republic","JE_PEARN","Personal earnings","L","Value","TOT","Total","USD","US Dollar","0","Units",,,23619,,
"ESP","Spain","JE_PEARN","Personal earnings","L","Value","TOT","Total","USD","US Dollar","0","Units",,,37922,,
"SWE","Sweden","JE_PEARN","Personal earnings","L","Value","TOT","Total","USD","US Dollar","0","Units",,,47020,,
"CHE","Switzerland","JE_PEARN","Personal earnings","L","Value","TOT","Total","USD","US Dollar","0","Units",,,64824,,
"GBR","United Kingdom","JE_PEARN","Personal earnings","L","Value","TOT","Total","USD","US Dollar","0","Units",,,47147,,
"USA","United States","JE_PEARN","Personal earnings","L","Value","TOT","Total","USD","US Dollar","0","Units",,,69392,,
"CHL","Chile","JE_PEARN","Personal earnings","L","Value","TOT","Total","USD","US Dollar","0","Units",,,26729,,
"EST","Estonia","JE_PEARN","Personal earnings","L","Value","TOT","Total","USD","US Dollar","0","Units",,,30720,,
"ISR","Israel","JE_PEARN","Personal earnings","L","Value","TOT","Total","USD","US Dollar","0","Units",,,39322,,
"LVA","Latvia","JE_PEARN","Personal earnings","L","Value","TOT","Total","USD","US Dollar","0","Units",,,29876,,
"SVN","Slovenia","JE_PEARN","Personal earnings","L","Value","TOT","Total","USD","US Dollar","0","Units",,,41445,,
"OECD","OECD - Total","JE_PEARN","Personal earnings","L","Value","TOT","Total","USD","US Dollar","0","Units",,,49165,,
"AUS","Australia","SW_LIFS","Life satisfaction","L","Value","TOT","Total","AVSCORE","Average score","0","Units",,,7.1,,
"AUT","Austria","SW_LIFS","Life satisfaction","L","Value","TOT","Total","AVSCORE","Average score","0","Units",,,7.2,,
"BEL","Belgium","SW_LIFS","Life satisfaction","L","Value","TOT","Total","AVSCORE","Average score","0","Units",,,6.8,,
"CAN","Canada","SW_LIFS","Life satisfaction","L","Value","TOT","Total","AVSCORE","Average score","0","Units",,,7,,
"CZE","Czech Republic","SW_LIFS","Life satisfaction","L","Value","TOT","Total","AVSCORE","Average score","0","Units",,,6.9,,
"DNK","Denmark","SW_LIFS","Life satisfaction","L","Value","TOT","Total","AVSCORE","Average score","0","Units",,,7.5,,
"FIN","Finland","SW_LIFS","Life satisfaction","L","Value","TOT","Total","AVSCORE","Average score","0","Units",,,7.9,,
"FRA","France","SW_LIFS","Life satisfaction","L","Value","TOT","Total","AVSCORE","Average score","0","Units",,,6.7,,
"DEU","Germany","SW_LIFS","Life satisfaction","L","Value","TOT","Total","AVSCORE","Average score","0","Units",,,7.3,,
"GRC","Greece","SW_LIFS","Life satisfaction","L","Value","TOT","Total","AVSCORE","Average score","0","Units",,,5.8,,
"HUN","Hungary","SW_LIFS","Life satisfaction","L","Value","TOT","Total","AVSCORE","Average score","0","Units",,,6,,
"ISL","Iceland","SW_LIFS","Life satisfaction","L","Value","TOT","Total","AVSCORE","Average score","0","Units",,,7.6,,
"IRL","Ireland","SW_LIFS","Life satisfaction","L","Value","TOT","Total","AVSCORE","Average score","0","Units",,,7,,
"ITA","Italy","SW_LIFS","Life satisfaction","L","Value","TOT","Total","AVSCORE","Average score","0","Units",,,6.5,,
"JPN","Japan","SW_LIFS","Life satisfaction","L","Value","TOT","Total","AVSCORE","Average score","0","Units",,,6.1,,
"KOR","Korea","SW_LIFS","Life satisfaction","L","Value","TOT","Total","AVSCORE","Average score","0","Units",,,5.8,,
"LUX","Luxembourg","SW_LIFS","Life satisfaction","L","Value","TOT","Total","AVSCORE","Average score","0","Units",,,7.4,,
"MEX","Mexico","SW_LIFS","Life satisfaction","L","Value","TOT","Total","AVSCORE","Average score","0","Units",,,6,,
"NLD","Netherlands","SW_LIFS","Life satisfaction","L","Value","TOT","Total","AVSCORE","Average score","0","Units",,,7.5,,
"NZL","New Zealand","SW_LIFS","Life satisfaction","L","Value","TOT","Total","AVSCORE","Average score","0","Units",,,7.3,,
"NOR","Norway","SW_LIFS","Life satisfaction","L","Value","TOT","Total","AVSCORE","Average score","0","Units",,,7.3,,
"POL","Poland","SW_LIFS","Life satisfaction","L","Value","TOT","Total","AVSCORE","Average score","0","Units",,,6.1,,
"PRT","Portugal","SW_LIFS","Life satisfaction","L","Value","TOT","Total","AVSCORE","Average score","0","Units",,,5.8,,
"SVK","Slovak Republic","SW_LIFS","Life satisfaction","L","Value","TOT","Total","AVSCORE","Average score","0","Units",,,6.5,,
"ESP","Spain","SW_LIFS","Life satisfaction","L","Value","TOT","Total","AVSCORE","Average score","0","Units",,,6.5,,
"SWE","Sweden","SW_LIFS","Life satisfaction","L","Value","TOT","Total","AVSCORE","Average score","0","Units",,,7.3,,
"CHE","Switzerland","SW_LIFS","Life satisfaction","L","Value","TOT","Total","AVSCORE","Average score","0","Units",,,7.5,,
"TUR","Türkiye","SW_LIFS","Life satisfaction","L","Value","TOT","Total","AVSCORE","Average score","0","Units",,,4.9,,
"GBR","United Kingdom","SW_LIFS","Life satisfaction","L","Value","TOT","Total","AVSCORE","Average score","0","Units",,,6.8,,
"USA","United States","SW_LIFS","Life satisfaction","L","Value","TOT","Total","AVSCORE","Average score","0","Units",,,7,,
"BRA","Brazil","SW_LIFS","Life satisfaction","L","Value","TOT","Total","AVSCORE","Average score","0","Units",,,6.1,,
"CHL","Chile","SW_LIFS","Life satisfaction","L","Value","TOT","Total","AVSCORE","Average score","0","Units",,,6.2,,
"EST","Estonia","SW_LIFS","Life satisfaction","L","Value","TOT","Total","AVSCORE","Average score","0","Units",,,6.5,,
"ISR","Israel","SW_LIFS","Life satisfaction","L","Value","TOT","Total","AVSCORE","Average score","0","Units",,,7.2,,
"LVA","Latvia","SW_LIFS","Life satisfaction","L","Value","TOT","Total","AVSCORE","Average score","0","Units",,,6.2,,
"RUS","Russia","SW_LIFS","Life satisfaction","L","Value","TOT","Total","AVSCORE","Average score","0","Units",,,5.5,,
"SVN","Slovenia","SW_LIFS","Life satisfaction","L","Value","TOT","Total","AVSCORE","Average score","0","Units",,,6.5,,
"ZAF","South Africa","SW_LIFS","Life satisfaction","L","Value","TOT","Total","AVSCORE","Average score","0","Units",,,4.9,,
"OECD","OECD - Total","SW_LIFS","Life satisfaction","L","Value","TOT","Total","AVSCORE","Average score","0","Units",,,6.7,,
"AUS","Australia","SW_LIFS","Life satisfaction","L","Value","MN","Men","AVSCORE","Average score","0","Units",,,7.1,,
"AUT","Austria","SW_LIFS","Life satisfaction","L","Value","MN","Men","AVSCORE","Average score","0","Units",,,7.1,,
"BEL","Belgium","SW_LIFS","Life satisfaction","L","Value","MN","Men","AVSCORE","Average score","0","Units",,,6.9,,
"CAN","Canada","SW_LIFS","Life satisfaction","L","Value","MN","Men","AVSCORE","Average score","0","Units",,,7,,
"CZE","Czech Republic","SW_LIFS","Life satisfaction","L","Value","MN","Men","AVSCORE","Average score","0","Units",,,6.9,,
"DNK","Denmark","SW_LIFS","Life satisfaction","L","Value","MN","Men","AVSCORE","Average score","0","Units",,,7.4,,
"FIN","Finland","SW_LIFS","Life satisfaction","L","Value","MN","Men","AVSCORE","Average score","0","Units",,,7.7,,
"FRA","France","SW_LIFS","Life satisfaction","L","Value","MN","Men","AVSCORE","Average score","0","Units",,,6.8,,
"DEU","Germany","SW_LIFS","Life satisfaction","L","Value","MN","Men","AVSCORE","Average score","0","Units",,,7.4,,
"GRC","Greece","SW_LIFS","Life satisfaction","L","Value","MN","Men","AVSCORE","Average score","0","Units",,,6,,
"HUN","Hungary","SW_LIFS","Life satisfaction","L","Value","MN","Men","AVSCORE","Average score","0","Units",,,6.3,,
"ISL","Iceland","SW_LIFS","Life satisfaction","L","Value","MN","Men","AVSCORE","Average score","0","Units",,,7.4,,
"IRL","Ireland","SW_LIFS","Life satisfaction","L","Value","MN","Men","AVSCORE","Average score","0","Units",,,6.9,,
"ITA","Italy","SW_LIFS","Life satisfaction","L","Value","MN","Men","AVSCORE","Average score","0","Units",,,6.4,,
"JPN","Japan","SW_LIFS","Life satisfaction","L","Value","MN","Men","AVSCORE","Average score","0","Units",,,5.9,,
"KOR","Korea","SW_LIFS","Life satisfaction","L","Value","MN","Men","AVSCORE","Average score","0","Units",,,5.4,,
"LUX","Luxembourg","SW_LIFS","Life satisfaction","L","Value","MN","Men","AVSCORE","Average score","0","Units",,,7.4,,
"MEX","Mexico","SW_LIFS","Life satisfaction","L","Value","MN","Men","AVSCORE","Average score","0","Units",,,6.3,,
"NLD","Netherlands","SW_LIFS","Life satisfaction","L","Value","MN","Men","AVSCORE","Average score","0","Units",,,7.6,,
"NZL","New Zealand","SW_LIFS","Life satisfaction","L","Value","MN","Men","AVSCORE","Average score","0","Units",,,7.1,,
"NOR","Norway","SW_LIFS","Life satisfaction","L","Value","MN","Men","AVSCORE","Average score","0","Units",,,7.3,,
"POL","Poland","SW_LIFS","Life satisfaction","L","Value","MN","Men","AVSCORE","Average score","0","Units",,,6.3,,
"PRT","Portugal","SW_LIFS","Life satisfaction","L","Value","MN","Men","AVSCORE","Average score","0","Units",,,6,,
"SVK","Slovak Republic","SW_LIFS","Life satisfaction","L","Value","MN","Men","AVSCORE","Average score","0","Units",,,6.5,,
"ESP","Spain","SW_LIFS","Life satisfaction","L","Value","MN","Men","AVSCORE","Average score","0","Units",,,6.4,,
"SWE","Sweden","SW_LIFS","Life satisfaction","L","Value","MN","Men","AVSCORE","Average score","0","Units",,,7.3,,
"CHE","Switzerland","SW_LIFS","Life satisfaction","L","Value","MN","Men","AVSCORE","Average score","0","Units",,,7.5,,
"TUR","Türkiye","SW_LIFS","Life satisfaction","L","Value","MN","Men","AVSCORE","Average score","0","Units",,,4.3,,
"GBR","United Kingdom","SW_LIFS","Life satisfaction","L","Value","MN","Men","AVSCORE","Average score","0","Units",,,6.7,,
"USA","United States","SW_LIFS","Life satisfaction","L","Value","MN","Men","AVSCORE","Average score","0","Units",,,7,,
"BRA","Brazil","SW_LIFS","Life satisfaction","L","Value","MN","Men","AVSCORE","Average score","0","Units",,,6.2,,
"CHL","Chile","SW_LIFS","Life satisfaction","L","Value","MN","Men","AVSCORE","Average score","0","Units",,,6.2,,
"EST","Estonia","SW_LIFS","Life satisfaction","L","Value","MN","Men","AVSCORE","Average score","0","Units",,,6.3,,
"ISR","Israel","SW_LIFS","Life satisfaction","L","Value","MN","Men","AVSCORE","Average score","0","Units",,,7.2,,
"LVA","Latvia","SW_LIFS","Life satisfaction","L","Value","MN","Men","AVSCORE","Average score","0","Units",,,6.3,,
"RUS","Russia","SW_LIFS","Life satisfaction","L","Value","MN","Men","AVSCORE","Average score","0","Units",,,5.3,,
"SVN","Slovenia","SW_LIFS","Life satisfaction","L","Value","MN","Men","AVSCORE","Average score","0","Units",,,6.5,,
"ZAF","South Africa","SW_LIFS","Life satisfaction","L","Value","MN","Men","AVSCORE","Average score","0","Units",,,4.9,,
"OECD","OECD - Total","SW_LIFS","Life satisfaction","L","Value","MN","Men","AVSCORE","Average score","0","Units",,,6.7,,
"AUS","Australia","SW_LIFS","Life satisfaction","L","Value","WMN","Women","AVSCORE","Average score","0","Units",,,7.2,,
"AUT","Austria","SW_LIFS","Life satisfaction","L","Value","WMN","Women","AVSCORE","Average score","0","Units",,,7.3,,
"BEL","Belgium","SW_LIFS","Life satisfaction","L","Value","WMN","Women","AVSCORE","Average score","0","Units",,,6.8,,
"CAN","Canada","SW_LIFS","Life satisfaction","L","Value","WMN","Women","AVSCORE","Average score","0","Units",,,7,,
"CZE","Czech Republic","SW_LIFS","Life satisfaction","L","Value","WMN","Women","AVSCORE","Average score","0","Units",,,6.9,,
"DNK","Denmark","SW_LIFS","Life satisfaction","L","Value","WMN","Women","AVSCORE","Average score","0","Units",,,7.6,,
"FIN","Finland","SW_LIFS","Life satisfaction","L","Value","WMN","Women","AVSCORE","Average score","0","Units",,,8.1,,
"FRA","France","SW_LIFS","Life satisfaction","L","Value","WMN","Women","AVSCORE","Average score","0","Units",,,6.7,,
"DEU","Germany","SW_LIFS","Life satisfaction","L","Value","WMN","Women","AVSCORE","Average score","0","Units",,,7.3,,
"GRC","Greece","SW_LIFS","Life satisfaction","L","Value","WMN","Women","AVSCORE","Average score","0","Units",,,5.6,,
"HUN","Hungary","SW_LIFS","Life satisfaction","L","Value","WMN","Women","AVSCORE","Average score","0","Units",,,5.8,,
"ISL","Iceland","SW_LIFS","Life satisfaction","L","Value","WMN","Women","AVSCORE","Average score","0","Units",,,7.7,,
"IRL","Ireland","SW_LIFS","Life satisfaction","L","Value","WMN","Women","AVSCORE","Average score","0","Units",,,7.2,,
"ITA","Italy","SW_LIFS","Life satisfaction","L","Value","WMN","Women","AVSCORE","Average score","0","Units",,,6.5,,
"JPN","Japan","SW_LIFS","Life satisfaction","L","Value","WMN","Women","AVSCORE","Average score","0","Units",,,6.3,,
"KOR","Korea","SW_LIFS","Life satisfaction","L","Value","WMN","Women","AVSCORE","Average score","0","Units",,,6.2,,
"LUX","Luxembourg","SW_LIFS","Life satisfaction","L","Value","WMN","Women","AVSCORE","Average score","0","Units",,,7.4,,
"MEX","Mexico","SW_LIFS","Life satisfaction","L","Value","WMN","Women","AVSCORE","Average score","0","Units",,,5.6,,
"NLD","Netherlands","SW_LIFS","Life satisfaction","L","Value","WMN","Women","AVSCORE","Average score","0","Units",,,7.4,,
"NZL","New Zealand","SW_LIFS","Life satisfaction","L","Value","WMN","Women","AVSCORE","Average score","0","Units",,,7.4,,
"NOR","Norway","SW_LIFS","Life satisfaction","L","Value","WMN","Women","AVSCORE","Average score","0","Units",,,7.3,,
"POL","Poland","SW_LIFS","Life satisfaction","L","Value","WMN","Women","AVSCORE","Average score","0","Units",,,6,,
"PRT","Portugal","SW_LIFS","Life satisfaction","L","Value","WMN","Women","AVSCORE","Average score","0","Units",,,5.6,,
"SVK","Slovak Republic","SW_LIFS","Life satisfaction","L","Value","WMN","Women","AVSCORE","Average score","0","Units",,,6.6,,
"ESP","Spain","SW_LIFS","Life satisfaction","L","Value","WMN","Women","AVSCORE","Average score","0","Units",,,6.6,,
"SWE","Sweden","SW_LIFS","Life satisfaction","L","Value","WMN","Women","AVSCORE","Average score","0","Units",,,7.3,,
"CHE","Switzerland","SW_LIFS","Life satisfaction","L","Value","WMN","Women","AVSCORE","Average score","0","Units",,,7.5,,
"TUR","Türkiye","SW_LIFS","Life satisfaction","L","Value","WMN","Women","AVSCORE","Average score","0","Units",,,5.4,,
"GBR","United Kingdom","SW_LIFS","Life satisfaction","L","Value","WMN","Women","AVSCORE","Average score","0","Units",,,6.9,,
"USA","United States","SW_LIFS","Life satisfaction","L","Value","WMN","Women","AVSCORE","Average score","0","Units",,,7.1,,
"BRA","Brazil","SW_LIFS","Life satisfaction","L","Value","WMN","Women","AVSCORE","Average score","0","Units",,,6,,
"CHL","Chile","SW_LIFS","Life satisfaction","L","Value","WMN","Women","AVSCORE","Average score","0","Units",,,6.1,,
"EST","Estonia","SW_LIFS","Life satisfaction","L","Value","WMN","Women","AVSCORE","Average score","0","Units",,,6.6,,
"ISR","Israel","SW_LIFS","Life satisfaction","L","Value","WMN","Women","AVSCORE","Average score","0","Units",,,7.2,,
"LVA","Latvia","SW_LIFS","Life satisfaction","L","Value","WMN","Women","AVSCORE","Average score","0","Units",,,6.2,,
"RUS","Russia","SW_LIFS","Life satisfaction","L","Value","WMN","Women","AVSCORE","Average score","0","Units",,,5.6,,
"SVN","Slovenia","SW_LIFS","Life satisfaction","L","Value","WMN","Women","AVSCORE","Average score","0","Units",,,6.4,,
"ZAF","South Africa","SW_LIFS","Life satisfaction","L","Value","WMN","Women","AVSCORE","Average score","0","Units",,,5,,
"OECD","OECD - Total","SW_LIFS","Life satisfaction","L","Value","WMN","Women","AVSCORE","Average score","0","Units",,,6.7,,
"AUS","Australia","SW_LIFS","Life satisfaction","L","Value","HGH","High","AVSCORE","Average score","0","Units",,,7.4,,
"AUT","Austria","SW_LIFS","Life satisfaction","L","Value","HGH","High","AVSCORE","Average score","0","Units",,,7.6,,
"BEL","Belgium","SW_LIFS","Life satisfaction","L","Value","HGH","High","AVSCORE","Average score","0","Units",,,7.2,,
"CAN","Canada","SW_LIFS","Life satisfaction","L","Value","HGH","High","AVSCORE","Average score","0","Units",,,7.3,,
"CZE","Czech Republic","SW_LIFS","Life satisfaction","L","Value","HGH","High","AVSCORE","Average score","0","Units",,,7.6,,
"DNK","Denmark","SW_LIFS","Life satisfaction","L","Value","HGH","High","AVSCORE","Average score","0","Units",,,7.6,,
"FIN","Finland","SW_LIFS","Life satisfaction","L","Value","HGH","High","AVSCORE","Average score","0","Units",,,8.5,,
"FRA","France","SW_LIFS","Life satisfaction","L","Value","HGH","High","AVSCORE","Average score","0","Units",,,7,,
"DEU","Germany","SW_LIFS","Life satisfaction","L","Value","HGH","High","AVSCORE","Average score","0","Units",,,7.8,,
"GRC","Greece","SW_LIFS","Life satisfaction","L","Value","HGH","High","AVSCORE","Average score","0","Units",,,6.5,,
"HUN","Hungary","SW_LIFS","Life satisfaction","L","Value","HGH","High","AVSCORE","Average score","0","Units",,,6.9,,
"ISL","Iceland","SW_LIFS","Life satisfaction","L","Value","HGH","High","AVSCORE","Average score","0","Units",,,7.8,,
"IRL","Ireland","SW_LIFS","Life satisfaction","L","Value","HGH","High","AVSCORE","Average score","0","Units",,,7.3,,
"ITA","Italy","SW_LIFS","Life satisfaction","L","Value","HGH","High","AVSCORE","Average score","0","Units",,,7.1,,
"JPN","Japan","SW_LIFS","Life satisfaction","L","Value","HGH","High","AVSCORE","Average score","0","Units",,,6.5,,
"KOR","Korea","SW_LIFS","Life satisfaction","L","Value","HGH","High","AVSCORE","Average score","0","Units",,,6.3,,
"LUX","Luxembourg","SW_LIFS","Life satisfaction","L","Value","HGH","High","AVSCORE","Average score","0","Units",,,7.8,,
"MEX","Mexico","SW_LIFS","Life satisfaction","L","Value","HGH","High","AVSCORE","Average score","0","Units",,,7,,
"NLD","Netherlands","SW_LIFS","Life satisfaction","L","Value","HGH","High","AVSCORE","Average score","0","Units",,,7.8,,
"NZL","New Zealand","SW_LIFS","Life satisfaction","L","Value","HGH","High","AVSCORE","Average score","0","Units",,,7.3,,
"NOR","Norway","SW_LIFS","Life satisfaction","L","Value","HGH","High","AVSCORE","Average score","0","Units",,,7.4,,
"POL","Poland","SW_LIFS","Life satisfaction","L","Value","HGH","High","AVSCORE","Average score","0","Units",,,6.6,,
"PRT","Portugal","SW_LIFS","Life satisfaction","L","Value","HGH","High","AVSCORE","Average score","0","Units",,,6.7,,
"SVK","Slovak Republic","SW_LIFS","Life satisfaction","L","Value","HGH","High","AVSCORE","Average score","0","Units",,,6.9,,
"ESP","Spain","SW_LIFS","Life satisfaction","L","Value","HGH","High","AVSCORE","Average score","0","Units",,,7.1,,
"SWE","Sweden","SW_LIFS","Life satisfaction","L","Value","HGH","High","AVSCORE","Average score","0","Units",,,7.6,,
"CHE","Switzerland","SW_LIFS","Life satisfaction","L","Value","HGH","High","AVSCORE","Average score","0","Units",,,7.6,,
"TUR","Türkiye","SW_LIFS","Life satisfaction","L","Value","HGH","High","AVSCORE","Average score","0","Units",,,5.8,,
"GBR","United Kingdom","SW_LIFS","Life satisfaction","L","Value","HGH","High","AVSCORE","Average score","0","Units",,,7.2,,
"USA","United States","SW_LIFS","Life satisfaction","L","Value","HGH","High","AVSCORE","Average score","0","Units",,,7.5,,
"BRA","Brazil","SW_LIFS","Life satisfaction","L","Value","HGH","High","AVSCORE","Average score","0","Units",,,6.9,,
"CHL","Chile","SW_LIFS","Life satisfaction","L","Value","HGH","High","AVSCORE","Average score","0","Units",,,6.9,,
"EST","Estonia","SW_LIFS","Life satisfaction","L","Value","HGH","High","AVSCORE","Average score","0","Units",,,7,,
"ISR","Israel","SW_LIFS","Life satisfaction","L","Value","HGH","High","AVSCORE","Average score","0","Units",,,7.5,,
"LVA","Latvia","SW_LIFS","Life satisfaction","L","Value","HGH","High","AVSCORE","Average score","0","Units",,,6.6,,
"RUS","Russia","SW_LIFS","Life satisfaction","L","Value","HGH","High","AVSCORE","Average score","0","Units",,,5.9,,
"ZAF","South Africa","SW_LIFS","Life satisfaction","L","Value","HGH","High","AVSCORE","Average score","0","Units",,,5.6,,
"OECD","OECD - Total","SW_LIFS","Life satisfaction","L","Value","HGH","High","AVSCORE","Average score","0","Units",,,7.2,,
"AUS","Australia","SW_LIFS","Life satisfaction","L","Value","LW","Low","AVSCORE","Average score","0","Units",,,7,,
"AUT","Austria","SW_LIFS","Life satisfaction","L","Value","LW","Low","AVSCORE","Average score","0","Units",,,7.2,,
"BEL","Belgium","SW_LIFS","Life satisfaction","L","Value","LW","Low","AVSCORE","Average score","0","Units",,,6.7,,
"CAN","Canada","SW_LIFS","Life satisfaction","L","Value","LW","Low","AVSCORE","Average score","0","Units",,,6.9,,
"CZE","Czech Republic","SW_LIFS","Life satisfaction","L","Value","LW","Low","AVSCORE","Average score","0","Units",,,6.9,,
"DNK","Denmark","SW_LIFS","Life satisfaction","L","Value","LW","Low","AVSCORE","Average score","0","Units",,,7.5,,
"FIN","Finland","SW_LIFS","Life satisfaction","L","Value","LW","Low","AVSCORE","Average score","0","Units",,,7.9,,
"FRA","France","SW_LIFS","Life satisfaction","L","Value","LW","Low","AVSCORE","Average score","0","Units",,,6.7,,
"DEU","Germany","SW_LIFS","Life satisfaction","L","Value","LW","Low","AVSCORE","Average score","0","Units",,,7.2,,
"GRC","Greece","SW_LIFS","Life satisfaction","L","Value","LW","Low","AVSCORE","Average score","0","Units",,,5.7,,
"HUN","Hungary","SW_LIFS","Life satisfaction","L","Value","LW","Low","AVSCORE","Average score","0","Units",,,6,,
"IRL","Ireland","SW_LIFS","Life satisfaction","L","Value","LW","Low","AVSCORE","Average score","0","Units",,,7,,
"ITA","Italy","SW_LIFS","Life satisfaction","L","Value","LW","Low","AVSCORE","Average score","0","Units",,,6.7,,
"JPN","Japan","SW_LIFS","Life satisfaction","L","Value","LW","Low","AVSCORE","Average score","0","Units",,,6.1,,
"KOR","Korea","SW_LIFS","Life satisfaction","L","Value","LW","Low","AVSCORE","Average score","0","Units",,,5.5,,
"LUX","Luxembourg","SW_LIFS","Life satisfaction","L","Value","LW","Low","AVSCORE","Average score","0","Units",,,7.3,,
"MEX","Mexico","SW_LIFS","Life satisfaction","L","Value","LW","Low","AVSCORE","Average score","0","Units",,,6.2,,
"NLD","Netherlands","SW_LIFS","Life satisfaction","L","Value","LW","Low","AVSCORE","Average score","0","Units",,,7.4,,
"NZL","New Zealand","SW_LIFS","Life satisfaction","L","Value","LW","Low","AVSCORE","Average score","0","Units",,,7.2,,
"NOR","Norway","SW_LIFS","Life satisfaction","L","Value","LW","Low","AVSCORE","Average score","0","Units",,,7.2,,
"POL","Poland","SW_LIFS","Life satisfaction","L","Value","LW","Low","AVSCORE","Average score","0","Units",,,6,,
"PRT","Portugal","SW_LIFS","Life satisfaction","L","Value","LW","Low","AVSCORE","Average score","0","Units",,,6,,
"SVK","Slovak Republic","SW_LIFS","Life satisfaction","L","Value","LW","Low","AVSCORE","Average score","0","Units",,,6.4,,
"ESP","Spain","SW_LIFS","Life satisfaction","L","Value","LW","Low","AVSCORE","Average score","0","Units",,,6.7,,
"SWE","Sweden","SW_LIFS","Life satisfaction","L","Value","LW","Low","AVSCORE","Average score","0","Units",,,7.2,,
"CHE","Switzerland","SW_LIFS","Life satisfaction","L","Value","LW","Low","AVSCORE","Average score","0","Units",,,7.4,,
"TUR","Türkiye","SW_LIFS","Life satisfaction","L","Value","LW","Low","AVSCORE","Average score","0","Units",,,4.8,,
"GBR","United Kingdom","SW_LIFS","Life satisfaction","L","Value","LW","Low","AVSCORE","Average score","0","Units",,,6.7,,
"USA","United States","SW_LIFS","Life satisfaction","L","Value","LW","Low","AVSCORE","Average score","0","Units",,,6.9,,
"BRA","Brazil","SW_LIFS","Life satisfaction","L","Value","LW","Low","AVSCORE","Average score","0","Units",,,6.4,,
"CHL","Chile","SW_LIFS","Life satisfaction","L","Value","LW","Low","AVSCORE","Average score","0","Units",,,6.1,,
"EST","Estonia","SW_LIFS","Life satisfaction","L","Value","LW","Low","AVSCORE","Average score","0","Units",,,6.1,,
"ISR","Israel","SW_LIFS","Life satisfaction","L","Value","LW","Low","AVSCORE","Average score","0","Units",,,7.2,,
"LVA","Latvia","SW_LIFS","Life satisfaction","L","Value","LW","Low","AVSCORE","Average score","0","Units",,,6,,
"RUS","Russia","SW_LIFS","Life satisfaction","L","Value","LW","Low","AVSCORE","Average score","0","Units",,,5.3,,
"SVN","Slovenia","SW_LIFS","Life satisfaction","L","Value","LW","Low","AVSCORE","Average score","0","Units",,,6.5,,
"ZAF","South Africa","SW_LIFS","Life satisfaction","L","Value","LW","Low","AVSCORE","Average score","0","Units",,,4.9,,
"OECD","OECD - Total","SW_LIFS","Life satisfaction","L","Value","LW","Low","AVSCORE","Average score","0","Units",,,6.6,,
"LTU","Lithuania","JE_PEARN","Personal earnings","L","Value","TOT","Total","USD","US Dollar","0","Units",,,31811,,
"COL","Colombia","SW_LIFS","Life satisfaction","L","Value","TOT","Total","AVSCORE","Average score","0","Units",,,5.7,,
"LTU","Lithuania","SW_LIFS","Life satisfaction","L","Value","TOT","Total","AVSCORE","Average score","0","Units",,,6.4,,
"COL","Colombia","SW_LIFS","Life satisfaction","L","Value","MN","Men","AVSCORE","Average score","0","Units",,,5.7,,
"LTU","Lithuania","SW_LIFS","Life satisfaction","L","Value","MN","Men","AVSCORE","Average score","0","Units",,,6.6,,
"COL","Colombia","SW_LIFS","Life satisfaction","L","Value","WMN","Women","AVSCORE","Average score","0","Units",,,5.7,,
"LTU","Lithuania","SW_LIFS","Life satisfaction","L","Value","WMN","Women","AVSCORE","Average score","0","Units",,,6.2,,
"COL","Colombia","SW_LIFS","Life satisfaction","L","Value","HGH","High","AVSCORE","Average score","0","Units",,,7.1,,
"LTU","Lithuania","SW_LIFS","Life satisfaction","L","Value","HGH","High","AVSCORE","Average score","0","Units",,,7.2,,
"COL","Colombia","SW_LIFS","Life satisfaction","L","Value","LW","Low","AVSCORE","Average score","0","Units",,,5.7,,
"LTU","Lithuania","SW_LIFS","Life satisfaction","L","Value","LW","Low","AVSCORE","Average score","0","Units",,,6.2,,
"CRI","Costa Rica","SW_LIFS","Life satisfaction","L","Value","TOT","Total","AVSCORE","Average score","0","Units",,,6.3,,
"CRI","Costa Rica","SW_LIFS","Life satisfaction","L","Value","MN","Men","AVSCORE","Average score","0","Units",,,6.2,,
"CRI","Costa Rica","SW_LIFS","Life satisfaction","L","Value","WMN","Women","AVSCORE","Average score","0","Units",,,6.5,,
"CRI","Costa Rica","SW_LIFS","Life satisfaction","L","Value","HGH","High","AVSCORE","Average score","0","Units",,,7.1,,
"CRI","Costa Rica","SW_LIFS","Life satisfaction","L","Value","LW","Low","AVSCORE","Average score","0","Units",,,6.5,,
